-- MySQL dump 10.16  Distrib 10.1.23-MariaDB, for debian-linux-gnueabihf (armv7l)
--
-- Host: localhost    Database: dbSonopApp
-- ------------------------------------------------------
-- Server version	10.1.23-MariaDB-9+deb9u1

/*!40101 SET @OLD_CHARACTER_SET_CLIENT=@@CHARACTER_SET_CLIENT */;
/*!40101 SET @OLD_CHARACTER_SET_RESULTS=@@CHARACTER_SET_RESULTS */;
/*!40101 SET @OLD_COLLATION_CONNECTION=@@COLLATION_CONNECTION */;
/*!40101 SET NAMES utf8mb4 */;
/*!40103 SET @OLD_TIME_ZONE=@@TIME_ZONE */;
/*!40103 SET TIME_ZONE='+00:00' */;
/*!40014 SET @OLD_UNIQUE_CHECKS=@@UNIQUE_CHECKS, UNIQUE_CHECKS=0 */;
/*!40014 SET @OLD_FOREIGN_KEY_CHECKS=@@FOREIGN_KEY_CHECKS, FOREIGN_KEY_CHECKS=0 */;
/*!40101 SET @OLD_SQL_MODE=@@SQL_MODE, SQL_MODE='NO_AUTO_VALUE_ON_ZERO' */;
/*!40111 SET @OLD_SQL_NOTES=@@SQL_NOTES, SQL_NOTES=0 */;

--
-- Table structure for table `tblAnnouncement`
--

DROP TABLE IF EXISTS `tblAnnouncement`;
/*!40101 SET @saved_cs_client     = @@character_set_client */;
/*!40101 SET character_set_client = utf8 */;
CREATE TABLE `tblAnnouncement` (
  `annID` int(10) unsigned NOT NULL AUTO_INCREMENT,
  `annTitle` varchar(50) NOT NULL,
  `annMessage` varchar(10000) NOT NULL,
  `annDatePosted` bigint(20) NOT NULL,
  `annPriority` tinyint(1) NOT NULL,
  `tblUser_usrID` int(10) unsigned NOT NULL,
  PRIMARY KEY (`annID`,`tblUser_usrID`),
  KEY `fk_tblAnnouncement_tblUser1_idx` (`tblUser_usrID`),
  CONSTRAINT `fk_tblAnnouncement_tblUser1` FOREIGN KEY (`tblUser_usrID`) REFERENCES `tblUser` (`usrID`) ON DELETE CASCADE ON UPDATE NO ACTION
) ENGINE=InnoDB AUTO_INCREMENT=3 DEFAULT CHARSET=latin1;
/*!40101 SET character_set_client = @saved_cs_client */;

--
-- Dumping data for table `tblAnnouncement`
--

LOCK TABLES `tblAnnouncement` WRITE;
/*!40000 ALTER TABLE `tblAnnouncement` DISABLE KEYS */;
INSERT INTO `tblAnnouncement` VALUES (2,'29 Apr program','Program van die week \n\nMaandag:\n•	12:45 Bediening \n•	17:30 Bediening\n•	18:30 o/20 Rugby @Pretoria Rugby Klub\n•	18:30 1ste span Rugby @Pretoria Rugby Klub\n•	19:00 Ratels @Pretoria Rugby Klub\n•	20:00 Sêr\n•	21:00 Kenmekaar + Huistekkie\n\nDinsdag:\n•	06:15 ResPrayer \n•	12:45 Bediening\n•	16:00 Hokkie\n•	17:00 Kafete\n•	17:30 o/20 Rugby vs AOB XV\n•	19:00 Ratels vs VOB\n•	20:00 1ste span Rugby vs House Tau\n\nWoensdag:\n•	Vakansiedag!\n•	18:15 Suitsel\n•	19:00 Homecell\n\nDonderdag:\n•	12:45 Bediening\n•	16:00 Hokkie\n•	17:30 Bediening\n•	18:00 Afrika-tale\n•	18:00 SBK-vergadering\n•	18:30 Brotherhood\n•	18:30 Hys Pret sel\n•	18:30 o/20 Rugby @Pretoria Rugby Klub\n•	18:30 1ste span Rugby @Pretoria Rugby Klub\n•	19:00 Ratels @Pretoria Rugby Klub		\n•	20:00 Sêr\n\nVrydag:\n•	12:45 Bediening\n\nSondag:\n•	Hokkie @LC time TBA\n\nIenks van die week: \n			Koerant- Stoltz\n			Sport- Stoltz\n			Bijaartsaal- Stoltz\n			Kombuis- Stoltz\nLaat die Byle Huil!',1556487775130,0,49);
/*!40000 ALTER TABLE `tblAnnouncement` ENABLE KEYS */;
UNLOCK TABLES;

--
-- Table structure for table `tblBedieningTable`
--

DROP TABLE IF EXISTS `tblBedieningTable`;
/*!40101 SET @saved_cs_client     = @@character_set_client */;
/*!40101 SET character_set_client = utf8 */;
CREATE TABLE `tblBedieningTable` (
  `talID` int(10) unsigned NOT NULL AUTO_INCREMENT,
  `talName` varchar(50) NOT NULL,
  PRIMARY KEY (`talID`)
) ENGINE=InnoDB AUTO_INCREMENT=12 DEFAULT CHARSET=latin1;
/*!40101 SET character_set_client = @saved_cs_client */;

--
-- Dumping data for table `tblBedieningTable`
--

LOCK TABLES `tblBedieningTable` WRITE;
/*!40000 ALTER TABLE `tblBedieningTable` DISABLE KEYS */;
INSERT INTO `tblBedieningTable` VALUES (1,'HK'),(2,'Weste Senior'),(3,'Weste Junior'),(4,'Ooste Senior'),(5,'Ooste Junior'),(6,'Noorde Senior'),(7,'Noorde Junior'),(8,'Sentraal'),(9,'Senaat'),(10,'Verre Weste'),(11,'Eerste Jaar');
/*!40000 ALTER TABLE `tblBedieningTable` ENABLE KEYS */;
UNLOCK TABLES;

--
-- Table structure for table `tblUser`
--

DROP TABLE IF EXISTS `tblUser`;
/*!40101 SET @saved_cs_client     = @@character_set_client */;
/*!40101 SET character_set_client = utf8 */;
CREATE TABLE `tblUser` (
  `usrID` int(10) unsigned NOT NULL AUTO_INCREMENT,
  `usrUsername` varchar(50) NOT NULL,
  `usrEmailAddress` varchar(100) NOT NULL,
  `usrPassword` varchar(60) NOT NULL,
  `usrName` varchar(40) NOT NULL,
  `usrSurname` varchar(40) NOT NULL,
  `usrStudentNumber` varchar(10) NOT NULL,
  `usrFirstYearYear` int(11) NOT NULL,
  `usrIsSemi` tinyint(1) NOT NULL,
  `usrVerified` tinyint(1) NOT NULL,
  `usrIsHK` tinyint(1) NOT NULL,
  `tblBedieningTable_talID` int(10) unsigned NOT NULL,
  PRIMARY KEY (`usrID`,`tblBedieningTable_talID`),
  KEY `fk_tblUser_tblBedieningTable1_idx` (`tblBedieningTable_talID`),
  CONSTRAINT `fk_tblUser_tblBedieningTables1` FOREIGN KEY (`tblBedieningTable_talID`) REFERENCES `tblBedieningTable` (`talID`) ON DELETE CASCADE ON UPDATE NO ACTION
) ENGINE=InnoDB AUTO_INCREMENT=225 DEFAULT CHARSET=latin1;
/*!40101 SET character_set_client = @saved_cs_client */;

--
-- Dumping data for table `tblUser`
--

LOCK TABLES `tblUser` WRITE;
/*!40000 ALTER TABLE `tblUser` DISABLE KEYS */;
INSERT INTO `tblUser` VALUES (1,'darra','dariusscheepers@gmail.com','$2b$10$SJ69s14p0SCFh7O.LI9/qe6Xawc9nk053FB7m/Xof2JX9/0LD8cQm','Darius','Scheepers','16006250',2016,0,1,0,2),(2,'PieterSponsvis','Etienne.edt@gmail.com','$2b$10$2JlNXm/VkJRbw8xJHSefm.5EB0XoizG/cRLHlsuuqle4TwIf4DNtu','Etienne ','Du Toit ','17137773',2017,0,1,0,2),(3,'hennie121','hennieb121@gmail.com','$2b$10$vgsG/C1vsVk7EXJDUWxFtODrm7zmvfp0dfhwW2PetTqj4C8m8nN7y','Hennie ','Botha','18038957',2018,1,1,0,8),(5,'Pienkvark','Rubinv12@gmail.com','$2b$10$ajXlvJG50vsw4GugrS08KOjd2J/AYPBgm6ROLtYxRuOV5O3q6uceq','Rubin','Vincer','16193271',2016,0,1,0,8),(6,'Wilhelm','wilhelmfer@icloud.com','$2b$10$2J8goJcPAaXltRuzJVwN..5CrY7simJv1wrSSe2lMtKf1YxG2OrnO','Ig','Ferreira','16173245',2016,0,1,1,1),(7,'Adriaan Combrink','adriaancombrink1997@gmail.com','$2b$10$hZYwAD9yvLqXDqctrXKbm.l5Awp0SUfut6ga9cZrylkMDKVqdQedK','Adriaan','Combrink','16021453',2016,0,1,0,6),(11,'alexwinter98','alex@winter.co.za','$2b$10$SBM0fCvkritwGcU4LbeQZ.3dhOFIFuKBGHszcZNw8A4VDZIF84fce','Alex','Winter','17001430',2017,0,1,0,4),(12,'wian','wianduplooy@gmail.com','$2b$10$CkrRPxQMeSqjSfakJGzGnOuWCPpne5OKSQ4ddWQgJJwHxHhrKklK2','Wian du Plooy','du Plooy','16059086',2016,0,1,1,1),(14,'Hardus','hardus903@gmail.com','$2b$10$IJM0TFMuH.6Gwe50CPBXk.Zi9uXJb0ToNgIvkxanRb8gc20R/yWPq','Hardus','van der Bergh','17002525',2017,0,1,0,2),(17,'FredrikStrydom','fredrikstrydom15@gmail.com','$2b$10$wdFeVOKg/GY0eESflRLRJ.Jh6nITHgO09TaUrDZDaonI5urYRHyFS','Fredrik Strydom','Strydom','17089027',2017,0,1,0,4),(18,'Pero Pero','armandpero50@gmail.com','$2b$10$.bqyc61sNd8.0iz4SqTFjOiFkqxAV6.PmnDo5zDG.5wSziDa4s7Ky','Armand ','Pero','17077495',2017,0,1,0,4),(21,'Abraham W','abriwannenburg@gmail.com','$2b$10$v0o8hOcvoKzlwD2ZkyD4/.xPoqtAB70ltcZ0Xrtp2QMt9zrhJ1DQ2','Abraham','Wannenburg','17099481',2017,0,1,0,2),(23,'Kersie','u16095953@tuks.co.za','$2b$10$ZGIcAupXll/ZCoKzwYshbuz4zQ0WYB1KWq0MWUb8cRW0uxv60uW7S','Stephan','Kersop','16095953',2016,0,1,0,4),(24,'Vlêrnuisman','jc.cordier777@gmail.com','$2b$10$8nCyPQ8/KDAH3QEkORctv.9C4RYCnKXz7PCgil.nWGIL.fgm6cUGu','Jacobus','Cordier','17084840',2017,0,1,0,2),(26,'Nick97','nickievdm@gmail.com','$2b$10$XIFvd5dbhlAASm3QsQaIV.e.t0WxXQ.UJRSfA0NrbQhJCAzfEM.7C','Nickie','van der Merwe','16083522',2016,0,1,0,2),(27,'Justin','justinsales01@gmail.com','$2b$10$/5zvwIZ8O4R0dqVlOqwOL.oN.uyz5XRKy.2EEhxbQ3zw5lEXfthLu','Justin','Sales','16010524',2016,0,1,0,6),(28,'Werner','lingenfelder6@gmail.com','$2b$10$NMD.7z1.hkC/DoerPoTzJ.Tu3IMgfPcb1M8uFiv9CCuHc755FPMBi','Werner','Lingenfelder','16025505',2016,0,1,0,2),(29,'Ruan Hill','ruan.hill@gmail.com','$2b$10$ezEg7wVn.dWbTojb3uroKuDu4bVW.cIozJRcLXQlDJtSUKnUYXgzS','Ruan','Hill','16016221',2016,0,1,0,2),(31,'Jacques','smuts.jacques@gmail.com','$2b$10$54mhw55WU17LKEp3ciVDWuVVhTqumOXpk1/MlR1/3O9C9FXcMpug2','Jacques','Smuts','u1602638',2016,0,1,0,6),(33,'Ockert','Vandermerweokert31@gmail.com','$2b$10$M2WEydfF0tILfYjPaxAsUOIbT2NJrWIKdp2F23d4PV6nBD6Y9FpAe','Ockert','Van Der merwe','15051693',2016,0,1,0,6),(34,'swannies','janhampie@gmail.com','$2b$10$akZptWBz8i2shqzBO572IePLmOaOJ4BzhXv/yPPmp5HU5EM1E9mFa','Jan-Harm','Swanepoel','16025092',2016,0,1,0,6),(37,'Armand','akruger56@gmail.com','$2b$10$8PC3UIPMHOKukb3/1tX.ce8hY5EaIV8Cnh5mfYO4lwBh7fQx/p7my','Armand','Kruger','16019441',2016,0,1,0,4),(38,'duansteen','duansteen@gmail.com','$2b$10$Iv/pZb9Sfy76N50voYviOelWZm13U4VPb//vBcfQVOF8FHyaE2ZuS','Duan','Steenkamp','17047341',2017,0,1,0,4),(39,'Adriaan_lombard','lombardadriaan26@gmail.com','$2b$10$8WvZSBK8Kwuzos9ZWOLkTuQ.Vx17DSVCxbU.8ncIbIB903sDhd7Iq','Adriaan ','Lombard','18013202',2018,1,1,0,7),(40,'Petri','zijl.petri@gmail.com','$2b$10$mX.M.WYLQHQ/tlPPEf/Mb.dD.BLUTsy5dkfbf4lm1.bidPkCMeSVq','Petri','Van Zijl','15225144',2016,0,1,1,1),(41,'marnolindeque ','marnolindeque@gmail.com','$2b$10$X/XBou0yizBimxUGZOTXLO7uB6E7sLpCuXe8GwPd70ubcxMJmeZ7a','Marno','Lindeque ','17016437',2017,0,1,0,2),(42,'Andries','andriesvanvuuren10@gmail.com','$2b$10$WpxqVf8z/yuufgDJbJhXK.JqX9ZeS4r15.6CUA.0vfpI0rjimgOly','Andries','Janse van Vuuren','16008937',2016,0,1,1,1),(45,'TheunsW','theunswilkens9999@gmail.com','$2b$10$z13mM2irYZYJH3eg/MG4BOzjjcKPTlD7IaZ36sL9PHC9.3cPwHBgS','Theuns','Wilkens','18021094',2018,1,1,0,10),(47,'Jacques98','jacquesleroux54@gmail.com','$2b$10$AV3Ro3ovrsLgJKCph8ObJuTC6UZCiPTNpel3N5bTdu.GKux1uI/yC','Jacques','Le Roux','17065942',2017,0,1,0,4),(48,'branerdt','anrichearth00@gmail.com','$2b$10$oGXfa1vWT5S0MawhjeCy4uYpYsQuTX28OIduEEeLyz06oAqYROoBe','Anrich','Zimmermann','17142688',2017,0,1,0,2),(49,'cmkriel','cmkriel3379@gmail.com','$2b$10$QHzHA91Xr7c9Pvja5iEyGO9uCnP/YWiuYCJwgt7q/xgE8Yc0GzZBu','CM','Kriel','17047766',2017,0,1,1,1),(50,'AnrichP','anrichpiek@gmail.com','$2b$10$kLEd0xLN5BhfsxpQJuLl8OZCfRbOVxXDLLl0V0B7PAmxSWILjaxVa','Anrich','Piek','16110553',2016,0,1,0,8),(51,'Dewald','dewaldvanlingen.dvl@gmail.com','$2b$10$S32BOudZ7g5xJcEWBe3.Le5gN/OEKm.DMkfB/qxae7i95EwRij1vG','Dewald','van Lingen','17077673',2017,0,1,0,6),(54,'Rikus','rikusm4@gmail.com','$2b$10$eL8BxB3g9C47XKGcAxNuL.Aw0GQXpmihE3kqkdJCQ1KZ1r9J2Nb.i','Rikus','Maliepaard','17019037',2017,0,1,0,6),(55,'Makate99','bokangmakate99@gmail.com','$2b$10$QhrZEuWMutceZ9hbE.Cpn.8JB1tL/AoGqIfwACtQkU1YkqXqIYt5.','Bokang','Makate','18035338',2018,1,1,0,9),(56,'Janno','janno.vw@mweb.co.za','$2b$10$LaPaB5h3ydQUq3ugVzQUkedTcfF/yev7Ecp32bpmsLlLM9iSTfgUu','Janno','Van Wyk','16020473',2016,0,1,0,2),(57,'Charles','Chala5151@gmail.com','$2b$10$0Dc.JTQPvV7R1V2Bhg47BOOoEL6T/yx7VtapeSJ77HyCcd2tGkz5O','Charles','De Villiers','16056559',2016,0,1,0,9),(58,'Schumyn7','schumynsteenkamp@gmail.com','$2b$10$FIWPplTj4CfYU2DUCvcE8eMNtc.FnfqcteiUxwvh31LCgMw1KyA5m','Schumyn ','Steenkamp','18164341',2018,1,1,0,7),(59,'JBLSpeaker','jeanlouis.brand01@gmail.com','$2b$10$cVAcoVr39oHnwnKxLP9uF.rzSe7w4V9LELm56IkhDhQab.rPlh5Ji','Jean-Louis ','Brand','18079271',2018,1,1,0,3),(60,'TehanM','U18049142@tuks.co.za','$2b$10$H3vu3zMjOBsvW4vG5AFUiO4YAFmdoJMw.dsQNlpumduZN0zcg6Q1e','Tehan','Martinson','18049141',2018,1,1,0,7),(62,'Pierre','u17014086@tuks.co.za','$2b$10$o5dTEUhi5hLXhWBk5mQk2uIQdoXGK/7AkPlzQbe5wTWwpLVcJJNne','Pierre','Van Loggerenberg','17014086',2017,0,1,0,6),(63,'Stefan Kruger','stefankruger.kruger1@gmail.com','$2b$10$flU9vI44dopcDSDVXlbn0uydjij50/zpJp0ugp0sltwFPYXT/qTza','Stefan','Kruger','16015453',2016,0,1,0,6),(65,'Anrich','anrichstander79@gmail.com','$2b$10$.0Ru/HvhxNXSraa9yGtSteletmpywJrL9wTB8YHFxUjLs9MFUcbr6','Anrich','Stander','16023880',2016,0,1,1,1),(66,'Tylo Neethling','tyloneeth@gmail.com','$2b$10$2iBVSVhZ57N2c2gZAviIbuUIO5aGr4cAxNDRuf3H1Xb3PU6kc1mCC','Tylo','Neethling','17099332',2017,0,1,0,2),(69,'JustinB','justin.booysen16@gmail.com','$2b$10$V6G9qceISLEHzvBtfTrGOuTdRIanElvaoW.Cxh4lzqrLDzA5XYGCW','Justin','Booysen','17198462',2017,0,1,0,8),(70,'ruan.grabe','ruan.grabe@gmail.com','$2b$10$fGJLWv.4CUwVZget3uOp4uI5dlWnN9DQ5hi6.66sl5zOOWXWTE6yq','Ruan','Gräbe','16004486',2016,0,1,0,2),(73,'Bedeker','bedeker123@gmail.com','$2b$10$nAhnyW2mMEZHbGcMUS8SQeIYJKOTOj.be6vM76v/bA3Mn42xpW4Vy','Bedeker','Snyman','u1710643',2017,0,1,0,2),(75,'Nefdt','u16009569@tuks.co.za','$2b$10$KXB20LmsGWPEV/ulaaAtn.5dohCFw93s8dTBCGeMc90nQkr8A/a8m','Nefdt','Du Toit','16009569',2016,0,1,0,2),(80,'07Dirk07','07dirk.blignaut07@gmail.com','$2b$10$bXjOjt2UdBT9jllxXlghM.7BJj8fuVm2TwgfWTIxAg5TNJGQ.FfMu','Dirk ','Blignaut','17060321',2017,0,1,0,6),(82,'Morerwa-K','m.kagiso43@gmail.com','$2b$10$gp4z0SfM.OPzJVRa8irD2ezD2xkdl8P7gMSFPbr7XXC16gnSkleea','Kagiso ','Morerwa ','17015431',2017,0,1,0,2),(84,'mattceronio','mattceronio@icloud.com','$2b$10$j0UZjJi8il28iM5wSgwOpubLDMYIfgp.r7.Jv4kGQ8rF1HSpVkKHO','Matt ','Ceronio','18110933',2018,1,1,0,3),(90,'Benny ','17116024@tuks.co.za','$2b$10$2XVb8LZKaLBYQ48JFd2ifeqRGLWqLpsPZ1eFZe8DFKWP7.jmlyM3S','Ofentse ','Mabelebele ','17116024',2017,0,1,0,9),(91,'Wian S','wian.spies@gmail.com','$2b$10$ToMTyTd97dyjkqdEF8/Q0Of1iAcAz2fC8Mm91ZPC5H3ZN6wJ4ObPm','Wian','Spies','17026092',2017,0,1,0,2),(92,'Erich','erichswanepoel@gmail.com','$2b$10$0XnPAuAbWxof/033UVpgge.oZh5b8ICb.K5qRuPMEdH4is2KRmhqa','Erich','Swanepoel ','U17028699',2017,0,1,0,4),(94,'HencoSteen','hencosteenkamp1@gmail.com','$2b$10$8SJTY/6CTELL3FHNiwAR2uubUzVzdeMHNSmIfEKBOsfNBp5rNQOJe','Henco','Steenkamp','18164308',2018,1,1,0,3),(95,'Armanddt','dtoitarmand@gmail.com','$2b$10$ZmeRPa9/WZ1DEs9HnbTZJOKo3CEuRVccUFJ9ycC/O/dihF2V5ohFS','Armand','Du Toit','18044175',2018,1,1,0,8),(96,'seanmarx','U18030727@tuks.co.za','$2b$10$SQbab0uNbB3KKEgo8dE3HuSQNx4XQK3/YbIAVbEavBEwxKWVhONde','Sean','Marx','18030727',2018,1,1,0,9),(97,'Marnus Aucamp','marnusaucamp01@gmail.com','$2b$10$RbZ/GL9WWf3xpe/aTxIJFu9lg3BSDb7Myd5MeCEJBV1dpVlfJH9XW','Marnus','Aucamp','u1619382',2016,0,1,0,4),(98,'Jacq','publicspeaker151@gmail.com','$2b$10$L9zk9ohXAn8KXsfjg4GxVuirVKo5SXsY0PrfxnvPXmvC1eYvY3HhK','Jacques','Kloppers','18015388',2018,1,1,0,8),(99,'Mubdel','mubeenl1997@gmail.com','$2b$10$V/Qpm/LlVc.7z/ImbICQd.gvW2JPKbYrq4TgcQg1P6e7vHUA5jN6m','Mubeen','Louw','17092541',2017,0,1,0,9),(100,'StefanPretorius','stefan.pretorius1199@gmail.com','$2b$10$NbqRh1XtQvUIJQ92TvlDJ.c5LwcNzRiOPbuCFfNAr52E5tUNeh8Iu','Stefan','Pretorius','18044396',2018,1,1,0,8),(101,'GustavR','gustavrappard1999@gmail.com','$2b$10$kxJrBQ/jRJKB3cSI9ej3teI7eChnn4VcNI.nyMC5FgVc3ww7yhrgC','Gustav ','Rappard ','U1806159',2018,1,1,0,3),(103,'Rasmus1819','rasmusjoubert18@gmail.com','$2b$10$/TL68dp9SZVBhG7XHx2nYu4Q0JKVcU/.xPuqhYg7y33fduLpleqPG','Rasmus','Joubert','18000470',2018,1,1,0,3),(104,'Johann de Beer','Johanndebeer5@gmail.com','$2b$10$i/KhE0ON/swwS0mpUdtVMOVrSgBFU08Hl2P3gL0Mr0x/SaPpYjG5q','de Beer','Johann','18019898',2018,1,1,0,7),(105,'Christiaan König','tiaankonig@gmail.com','$2b$10$HM8DTeO6JpGg0pnP9EE4he/Ydac74yLvOz8n0S/UJQToOHD6GjwDS','Christiaan','König','18001468',2018,1,1,0,5),(108,'HEFER3','hhefer15@gmail.com','$2b$10$3YtTwsS5XqiKx6JdFm6U9egBFNebPZf75BlC34LXLlEq3KBY/jNU.','Henco','Hefer','U1801527',2018,1,1,0,3),(109,'Heyneke','1heyneke6@gmail.com','$2b$10$gkNNvEDpPhEJETSROeNV/edXg3tc0feGhHOHyDfIqb6mjB.imdgiu','Heyneke','Meyer','18009400',2018,1,1,0,7),(110,'JandreGreyling','Jandregreyling@gmail.com','$2b$10$P7DuN5BZOSFFawjQhB.SyeBwCJQJzrhalnOez5W8Lc4Y6n2QXU1H2','Jandre','Greyling','U1800508',2018,1,1,0,9),(113,'Jasoncraig99 ','jcraig.jc64@gmail.com','$2b$10$Pk755.clUiNaFMfkYc40Eu7pnuTSpzz1Ik29OrsdbFrw0OGvkVhhu','Jason','Craig ','18289292',2018,1,1,0,3),(114,'u18005382','keegancoetzee@gmail.com','$2b$10$0ko8KAKirgZNPb41sNGOAuEOhwNXI5PtRm7c76eQeWAUvLHbkXbkW','Keegan','Coetzee','18005382',2018,1,1,0,5),(115,'Andrew Nel','Androu380@gmail.com','$2b$10$Tw.TIJ8fG4togoKhdcpYdOWvxu9x1t8vpTRvkKXk4hUGdYy9s//mO','Andrew','Nel','18011561',2018,1,1,0,5),(116,'Elvis','Elviszondi11@gmail.com','$2b$10$0QvuvggLTylUpT2MHCDQzOWVT.Kd3kS4mxL8mJqAHvJhLXGguzTja','Elvis','Zondi','17258911',2018,1,1,0,3),(121,'Victor Peenz','VictorPeenz@icloud.com','$2b$10$4DjhDPRuiYNTATfx.CcbguT1rUcuKeHg4mVpBJY2NJM4U69/Chaoy','Victor','Peenz','18014072',2018,1,1,0,8),(125,'Michael Gerryts','michaelgerryts@gmail.com','$2b$10$mKprQFaVTpOhhb5w6hQXhO0Uqcz/CsCJGWStpI/SzM3jO5tA9b6/i','Michael','Gerryts','17058024',2017,0,1,0,6),(126,'Sdmeyer','sdmeyer12@gmail.com','$2b$10$XyLisyCkYqZjmGadKmqfxuE2sn5iueyhsLSva0PZ5dktprMWxbq4u','SD Meyer','Meyer','19003006',2019,0,1,0,11),(130,'JP','jpduplessis625@gmail.com','$2b$10$BzEgotN4isQZc4U7WxepcudBYG0jqZDwbNh7AgOnjxirHK6SUTBjq','Jean-Pierre','Du Plessis','19030233',2019,0,1,0,11),(131,'Dries','dries1002@gmail.com','$2b$10$jeQjEXJZ2CB8mv90e4/ejuOQuhgAaEFnO1VCW8JbN6B9na5sN8KWa','Dries','Moolman','19009756',2019,0,1,0,11),(133,'Guillaume V','guillaumejv.gv@gmail.com','$2b$10$.3BJV.AkyhyJ6mwRd95A3uAysRh155bYbSP4SXp8..yFeim2l/gPW','Guillaume','Vermeulen','19109212',2019,0,1,0,11),(134,'Fredrich','fredrichswanepoel@gmail.com','$2b$10$NjRRbn4MmFsOslCZ1Dd14O5nI2vE2oD3k1UXDQjcV2CfIDvSRrdyC','Fredrich','Swanepoel','19034548',2019,0,1,0,11),(137,'Tinus444','tinusswanepoel@icloud.com','$2b$10$tuPfJS.Usm2bFrafTotj5OjAuJsvqoS57kFFcz6Vp1YvwIPMVTHoW','Tinus','Swanepoel','19249676',2019,0,1,0,11),(138,'RyanGerber','ryangerber@mweb.co.za','$2b$10$ycFFR59LAXz/E7QCULXfnOxpwhDC10ld4wKh.CuYkqciw1qQgMwfi','Ryan','Gerber','19187522',2019,0,1,0,11),(139,'ChristoffP','chrispret2000@gmail.com','$2b$10$zXHxX1MIdLRM7WaetXXXaOcBv0gwQF3keU2IdM8D99vnAZVdBl2zK','Christoff','Pretorius','19035188',2019,0,1,0,11),(140,'MDL','mdlaubscher@gmail.com','$2b$10$cf3AqS2dvM2X9x.tVDT08uYAnSmDk1XlMEYQZOTX2dgIlzQWH6rNG','MD','Laubscher','19104244',2019,0,1,0,11),(141,'StephanF','steppie.fourie@gmail.com','$2b$10$0BApTeCEPHHzwxm9sFFuyOdOPF5zf7l9ZS/WcRREFhM9.5TjGnFxm','Stephan','Fourie','19118989',2019,0,1,0,11),(142,'Pauw','johann_pauw@icloud.com','$2b$10$WtsSVXx3S8GuaxQTCD3Y8.5MPEP.lm8O/KryI1fiV7vXvlTVYxqKS','Johann','Pauw','18061941',2019,0,1,0,11),(143,'NicolaasP','ivan3011@icloud.com','$2b$10$gNtvNxQFmSvADXwJDzq0r.ppFaLF2Baqw8xzy3YrOSzH7gxxDP972','Nicolaas Iván','Pretorius','19021306',2019,0,1,0,11),(144,'Davin','davinvdm1@gmail.com','$2b$10$K8aWwPwzELG6en8Lp1ebBOaNdzzx5h9EnXLblThvGHjNdGdjvOSqy','Davin','Van der Merwe ','19103388',2019,0,1,0,11),(145,'U19026252','zachie38@gmail.com','$2b$10$ai2ibktfOosJv0zmgl5ZKuToHzH6KuPT6p8ZaGFTtE0mtiZlM4Z4.','Zachie','Janse van Rensburg','19026252',2019,0,1,0,11),(146,'FrancoF','u19000023@tuks.co.za','$2b$10$hocS1ku21aeAVPMMoQ3jI.lWehZ3J5gj1Deubq5qYLUN7FIfx5oei','Franco ','Fourie','19000023',2019,0,1,0,11),(147,'Tvdm123','thomasvdm2014@icloud.com','$2b$10$EV55ixUufdZ4JRoi6sUh3OW0eEL27yl3emWbnpj7Mr6S4/m0kkzuu','Thomas','van der Merwe','04650205',2019,0,1,0,11),(148,'WillemW','willemjwes@gmail.com','$2b$10$y/Ch.68O2h7PwnXBz7V/V.O7p1N6aQDp6qp5d8Ih3oCc2PQA/y4Dy','Willem','Wessels','19034009',2019,0,1,0,11),(149,'Robinbrooks1','robinbrooksone@gmail.com','$2b$10$dGrVheMXXROcDyUSYxsa2.C8x4z4EsmN.Qf7VeapAjTKhFY.JBm/e','Robin','Brooks','19012978',2019,0,1,0,11),(150,'WihanO','oosthuysenwihan@gmail.com','$2b$10$HxVBEy0PXSgpadvKng3sDuChc2mfDmk.4dVGhjNnDTZ5PlEAZIzxe','Wihan ','Oosthuysen','19001712',2019,0,1,0,11),(151,'lerouxfpepler@gmail.com','lerouxfpepler@gmail.com','$2b$10$nxe.DFAtsI3.wy.aSv09T.44YHmIrzsOrLXsFV2s41rsXgurplkXu','Le Roux ','Pepler','19009527',2019,0,1,0,11),(153,'CorneKr','cornekruger.kruger2@gmail.com','$2b$10$rVSu3UpKJea9pzcMOeh/z.MnL/VTVIB/0xlcjhHMGuSEaLdT9OFqq','Corné','Kruger','19005548',2019,0,1,0,11),(154,'u19024852','jacokeyser@gmail.com','$2b$10$HwhnR.YbqEYeNHqgn6syreReMeVuWJo3pTEPWlyzc7JPntODb1/3y','Jaco','Keyser','19024852',2019,0,1,0,11),(155,'Hans','harowan13@gmail.com','$2b$10$eA22TEi6soe6CDcdd.Y9neq5WjSOriW3FOdEqjRxEdg4GaJEXasq6','Hans-Albert ','Rowan ','19001381',2019,0,1,0,11),(156,'JeanreD','jeanreduplessis2000@gmail.com','$2b$10$qUDVjEx1zVjrIzMH.0j7puNhK4FQQDh8k/8gIetPoCYsGMboT8McS','Jeanré ','du Plessis','19017970',2019,0,1,0,11),(157,'driesels02','elsdries02@gmail.com','$2b$10$m.yoCThDK3AkIlkkaPa57e/WO1v6/YQSR9pO1kN3XSQ3fGE084HvS','Dries','Els','19053747',2019,0,1,0,11),(158,'StefanWes','stefan.westhuizen@icloud.com','$2b$10$XNizcDcYVSVnzePL06vk2eGjeyKFCaRnrzNYSees33bVxWTY.2rr.','Stefan','Van Der Westhuizen','19014440',2019,0,1,0,11),(160,'AdriaanB','adriaanbouwersa@gmail.com','$2b$10$/O3grCroqkArgNZAAUbNJuYMFmEsVHXPKtrA4pMY2JPsTA32Ow9Xi','Adriaan','Bouwer','u1908397',2019,0,1,0,11),(162,'Ash','akbepete@gmail.com','$2b$10$MxNGRdbRkzKaNrXfIMX6..w2s6dA.RG.QBdulLXN5uftE50IqVtAK','Ashton','Bepete','18199667',2018,0,1,0,9),(163,'Martin','blignautmartin@gmail.com','$2b$10$jGrvKNgGgqEMg6jkYt0EAOO0fdz6kuTJDa1ZS6.s24aftpH1UQ0Hm','Martin','Blignaut','19218495',2019,0,1,0,11),(164,'KyleF','kylefourie@icloud.com','$2b$10$nIUJfltns.YiBc5QwdvJ7.u85E6ME9dicYdavsIPJbf.cbuyNoypa','Kyle','Fourie','19376902',2019,0,1,0,11),(165,'ArminG','u19018178@tuks.co.za','$2b$10$TW5BcaBCT2tlkUIyUMQIueO6LwaP8G.J6OdXDDapWpNIkoV3xbw6O','Armin','Grobbelaar','19018178',2019,0,1,0,11),(166,'William','Williammutlowz@gmail.com','$2b$10$CyXSuWo4LWuVe1/kZoMkP.RuBzqKEd3PfVh.NEtTjf9UUVsC0yydC','William','Mutlow','19099933',2019,0,1,0,11),(167,'Henning1','henningjva@gmail.com','$2b$10$cueGQyvI/K04EHJYKf7D/O10M2YG8RXmdOknVWBCVXzp9XrPtnoHC','Henning','Van Aswegen','18010777',2017,1,1,0,10),(168,'Daffue','Da.wihan@gmail.com','$2b$10$6L9S3VuX5cYJuypvWXCbMeyZfdcyqC5WMcXuDmIKSM7G2vY.TttPe','Wihan','Daffue','18056807',2018,1,1,0,10),(169,'DrikusGrabe','drikus.jg@gmail.com','$2b$10$cJh3563h./H8uat9XRW5HuiLMGAh3Q8KYauWtmq1u.Fml0XCrb/9i','Drikus','Gräbe','19006064',2019,0,1,0,11),(170,'IvanW','ivanmichaelwille@gmail.com','$2b$10$/5BN2Wy8fXf1NKz0tzJNL.REb.iHTbGMienZnq6gQpbysAMJMEs1.','Ivan','Wille','19023228',2019,0,1,0,11),(171,'Estian','estianswart@gmail.com','$2b$10$nEsG3AYvJ6efXALSjA5oAO6VWV4SvshvTTJ.Z0bGVZSlk2rkoMlra','Estian','Swart','19001144',2019,0,1,0,11),(172,'BothaS','bothasmit@gmail.com','$2b$10$OUM9SA6ZOpqUJVIbABG/oe3DNoKCDP5zeqXPTSkeSYn.MBEMblwCO','Botha','Smit','19135956',2019,0,1,0,11),(173,'KobusF','jjkoosfab@gmail.com','$2b$10$hamKO8OHus1HMx4mu8M1pusHSG9i8r8nSDCD9tffUzv11ktnMlbkC','Kobus','Faber','19061481',2019,0,1,0,11),(174,'ruangroen','ruangroenewald0301@gmail.com','$2b$10$HYQtn2.RP0w474u1WHf67OOkRRAcXe8aRegXQGdCiCCB5uWAmLGrK','Ruan','Groenewald','19003103',2019,0,1,0,11),(175,'Heinrichs','hswanepoel19@gmail.com','$2b$10$qFAco6tqdrxmfNqIvSG/rO0ozSfmTPXXRhMVWXv3eXmIDgWar6VeO','Heinrich Swanepoel','Swanepoel','19057522',2019,0,1,0,11),(179,'QMcIntyre','quillan@jmlaw.co.za','$2b$10$zLRhRSpjHXzt5cR6qwUdhuUljSNKWRxeTi6BQvdafhMBYeQd0xmz.','Quillan','Mc Intyre','u1902077',2019,0,1,0,11),(180,'BarthoCoetzer','U17084602@tuks.co.za','$2b$10$RvTyVPK4dCa0V97agTWseeDxROQjBXX/JR47umGfj7csGxlbdYr9i','Bartho ','Coetzer','17084602',2017,1,1,0,7),(181,'Gustav','gustavcg.4@gmail.com','$2b$10$SvCL95oQvoNAC0Ba8nWygOsuYJJTFOZdE7suD2pb9jdth/d7Asl.u','Gustav','Grotius','04569352',2018,1,1,0,10),(182,'Herman','herman.raubenheimer@gmail.com','$2b$10$NPwqMd/OiF9KKw7SqT9Z3e4Bk2v68xrUtkeaAmrY78ZZZMLx0h1fK','Herman','Raubenheimer','19064749',2019,0,1,0,11),(183,'Drikus ','3kus98@gmail.com','$2b$10$Znj3AUbMo//qgYcavsM1IOgivsfExTvq0IHms0OA5ycy8cYTnAPyu','Drikus','Greyling','17014728',2017,0,1,0,6),(184,'Janhendrikzeal','janhendrikbooysen.zeal@gmail.com','$2b$10$DkkfKFeesgk74BfuXqWoeORo3CBoI0gkLeb4JyPQEx1aoCG7wrJkm','Jan-Hendrik','Booysen','18092978',2018,1,1,0,9),(186,'Carlo','carlocgeyer@gmail.com','$2b$10$be1qoHNTFvV9qKNOh517yuejKIAwshDL9D.4RHePNfbAxF7TrpGoa','Carlo','Geyer','u1703914',2018,1,1,0,8),(187,'Benjamin ','benjaminboshoff0@gmail.com','$2b$10$62Nk8qL1.OPVUh00N5Z62.UcpwXUIaIYkLrAYHgSCM4URk8xkz8We','Benjamin ','Boshoff','19209802',2019,0,1,0,11),(188,'Herco','hercoroesch@icloud.con','$2b$10$mYgaPvV8aM7MlWAvuT9PEufKMUyR9Q3NXPGyEX4PVodloLwZAa3ra','Herco','Roesch','19008644',2019,0,1,0,2),(189,'dupreez','lohandupreez1108@gmail.com','$2b$10$AKrvvCSlL58tW.mfUQHDv.i1quajz0q8nKzFd1qLAdMwAYBIzzabq','Lohan(Johannes Lodewicus)','Du Preez','U1903856',2019,0,1,0,11),(190,'WaldoT','waldo.taljaard.wt@gmail.com','$2b$10$E5j.ar01urjA2KgSwzqu8OWv.tSXuIa64dopuBavj/QLRFpd.iv0W','Waldo','Taljaard','19253461',2019,0,1,0,11),(191,'Willem','wjvdw2451@gmail.com','$2b$10$AxB9uHKO2HvcpblNVJzog.aUSammqeCgm9nshIzBmsJ2hxgYwr/wW','Willem','van der Walt','19025867',2019,0,1,0,11),(192,'PSmith','mypasetweedeoudsteseun@gmail.com','$2b$10$R/.gVjTxLhgWK3PYkbIItOAwtE.52JHBfFlmjM3WW5nLmmzoKhzwC','Pieter','Smith','19009624',2019,0,1,0,11),(193,'ChristopherT','geniedouble1@gmail.com','$2b$10$8ev/4kbetdAiesFDh3SRd.mebHbN4G6qWiWFZuz0felwjZfki.yQO','Christopher','Tommy','17396876',2018,0,1,0,9),(194,'u19123249','reynecke170@gmail.com','$2b$10$iIsNZWQpKXIxFVAcTATmXuVgIR4vM53Tgz1txOQPYc9WFEiIlkLte','Reynecke','Shaikh','19123249',2019,0,1,0,11),(195,'Wihann','wihann2000@gmail.com','$2b$10$cjE6j.tustXuHJ4kvRaPheUYcGUPs4yL0BlRSb1gfWT6Tmn.pSTsa','Wihann','Engelbrecht','19003189',2019,0,1,0,11),(196,'DantesViljoen','dantesviljoen9@icloud.com','$2b$10$zU03Ipu9jHzE32X12RGRsuYTk/oXFlE/xN9rW92R7t7ilaIWQa2V.','Dantes','Viljoen','19010207',2019,0,1,0,11),(197,'WouterRoos','wouterroos2112@gmail.com','$2b$10$qUBmi0DSfJ0i8I.8kPomuOFoS8mtkivj.VG6E7QCCbXGarUOTN3n.','Wouter ','Roos','19073438',2019,0,1,0,11),(198,'ruanduv','ruanduvenage158@gmail.com','$2b$10$Ofl.rwI1ikO/fGPXIoXVoO4pGgsu2twjTwAXAXqE4yPQENeurdQxW','Ruan','Duvenage','19020300',2019,0,1,0,11),(199,'Jood123','jelandrewillem.stoltz@gmail.com','$2b$10$IUD5cU5d73Vn1L5bqXK3DOvqyB6yV/r.4sFT9K5qY3skZ2nU6rhoi','Jelandre','Stoltz','19304383',2019,0,1,0,11),(200,'Gercovr','gercovanrooyen@gmail.com','$2b$10$g.K7nUDOGZmFyyVHSchFdOiO05GTEmJrJG4aoDVB8h7UgS7qP22CG','Gerco ','Van Rooyen ','19254769',2019,0,1,0,11),(202,'Ole Buffel','buffelole@gmail.com','$2b$10$0yh77TjqHhAbaoPYTNuUY.yVOVzPiiQPFcKAmmRhK4jpR6IfmQ3bu','Ole','Buffel ','18210857',2018,1,1,0,3),(203,'Zuki','zukisazoko@gmail.com','$2b$10$W4shFujCXkgO7YP4.8V6Qebo41Pt7yDg7L3g9KbfMrO8yU4ssi2LK','Zukisa ','Zoko','17251860',2017,0,1,0,9),(204,'Marko','markoreynders@gmail.com','$2b$10$nAcbpqM1PRApfPn3BiIDfe7cWOFL8iQQxZjOurtXNnt.xpJPv5Oz2','Marko','Reynders','16094515',2016,0,1,0,6),(205,'Francois09','francoisjordaan9@gmail.com','$2b$10$P.KPJB4ZboBGg6Czb/2i/usMTzBDVddCYk5MiBY1CXIwtxg93topO','Francois','Jordaan','u1700233',2017,0,1,0,6),(208,'WihanR','w.rossouw2@gmail.com','$2b$10$anqEHSlDna0rlDOvTIVwZuIQ36qunHb90YS4Ot8/mGr6dngAKz0jG','Wihan','Rossouw','u1614425',2016,0,1,0,9),(209,'Dehan','u18040587@gmail.com','$2b$10$bR0/sO3bdOCYK08YtzYV9OcqXIWB8q2FuySk3nUYBvjkjIdOX82M.','Dehan','Reynders','18040587',2018,0,1,0,7),(210,'Frans','franskeyser55@gmail.com','$2b$10$d/uM1c8ifm/C94.iaFxYrOt/n2O0tZpL0B4MqFaeVLNyIbDkH9EXG','Frans','Keyser','18005323',2018,1,1,0,8),(211,'Arnocil','clrsarno@gmail.com','$2b$10$s1WSt4GkI6r.ztoyiKVmvOnieDHURlLYbqupFY63RBFzcc3clrX8S','Arno','Cilliers','16075944',2016,0,1,0,6),(212,'disekja','hannesljwinter67@gmail.com','$2b$10$Oc7mfe7f7AuqGZS8oJp32.h1QczWbwt7Lziqy54Hwnm3VzT4R0XG2','Hannes','Winter','18188622',2018,1,1,0,3),(213,'AlwynPot','alwynpotgieter45@gmail.com','$2b$10$qOWY4ZFoMQ654uAGvf2lXOiekzkpuYzSL3FZ901msXhq298HGyBR2','Alwyn','Potgieter','19024101',2019,0,1,0,11),(214,'AWVZ 77','wianvzyl77@gmail.com','$2b$10$42ryvg7G8gwuRaAfWaiMK.NZ1Ss3MjXCH61omrkvWrFcFsjBxMPCu','Wian ','Van Zyl','19034637',2019,0,1,0,11),(215,'DeKlerk','u19245450@tuks.co.za','$2b$10$hIo723Sm8GKLMdDyFphje.35.cdaYwb.l0abu4Z2HJEsu9sBswr/2','Frans','De Klerk','u1924545',2019,0,1,0,11),(216,'Louis','louisadriaan705@gmail.com','$2b$10$QAeakZTwMn.D9nUviZzjBOAn88Y71JwcD2xOAIPR6XsBXw4IQY5gO','Louis','Kruger','18012982',2018,1,1,0,5),(218,'Cp','cplr55@gmail.com','$2b$10$RqNPab.qnB60ocP095X2V.gKR3PRdDDHdHkbWPaPXu8aFFA2pwmWO','Cp ','Le Roux','18007474',2018,1,1,0,3),(220,'Henco Steenkamp ','hencosteenkamp1@gmail.com','$2b$10$ADnXqN1pH0zHH6ruc5CgResmNx9uq.8Tiv4ea4ypJw1uGH2JAZ8Gq','Henco ','Steenkamp ','18164308',2018,1,1,0,3),(221,'18038639','reinierrabe@gmail.com','$2b$10$MvNmRU3beypBW2aaLiY8d.uotO47OklO6MwzERXU14QL10JurWCwK','Reinier','Rabe','18038639',2018,1,1,0,3),(222,'Vorster','anruv10@gmail.com','$2b$10$0TVP2dzOthE5GXXcWYn9zuDaS1QE18ZH9UUZQHpzGLZvta9zuRQG.','Anru','Vorster','17019843',2017,0,1,0,6),(223,'johanh','jhnhsbrk@gmail.com','$2b$10$NUjbaYI2w4Xb6mSIxP34suLH/GsIp.8vqKYfY0IhJUJDUMo/x.B1q','Johan ','Haasbroek','16020813',2016,0,1,1,1),(224,'Jan-Hendrik','janhendriklab@gmail.com','$2b$10$MngnLTqSfhD1JQJI/3YAX.6axOzY80OmLZ5/j2eqxQZHsBuqZ/G8q','Jan-Hendrik ','Labuschagne ','16068620',2016,0,1,0,8);
/*!40000 ALTER TABLE `tblUser` ENABLE KEYS */;
UNLOCK TABLES;

--
-- Table structure for table `tblWeekendSignIn`
--

DROP TABLE IF EXISTS `tblWeekendSignIn`;
/*!40101 SET @saved_cs_client     = @@character_set_client */;
/*!40101 SET character_set_client = utf8 */;
CREATE TABLE `tblWeekendSignIn` (
  `wsiID` int(10) unsigned NOT NULL AUTO_INCREMENT,
  `wsiFridayDinner` tinyint(1) DEFAULT NULL,
  `wsiSaturdayBrunch` tinyint(1) DEFAULT NULL,
  `wsiSaturdayDinner` tinyint(1) DEFAULT NULL,
  `wsiSundayBreakfast` tinyint(1) DEFAULT NULL,
  `wsiSundayLunch` tinyint(1) DEFAULT NULL,
  `wsiSundayDinner` tinyint(1) DEFAULT NULL,
  `tblUser_usrID` int(10) unsigned NOT NULL,
  PRIMARY KEY (`wsiID`,`tblUser_usrID`),
  KEY `fk_tblWeekendSignIn_tblUser1_idx` (`tblUser_usrID`),
  CONSTRAINT `fk_tblWeekendSignIn_tblUser1` FOREIGN KEY (`tblUser_usrID`) REFERENCES `tblUser` (`usrID`) ON DELETE CASCADE ON UPDATE NO ACTION
) ENGINE=InnoDB AUTO_INCREMENT=225 DEFAULT CHARSET=latin1;
/*!40101 SET character_set_client = @saved_cs_client */;

--
-- Dumping data for table `tblWeekendSignIn`
--

LOCK TABLES `tblWeekendSignIn` WRITE;
/*!40000 ALTER TABLE `tblWeekendSignIn` DISABLE KEYS */;
INSERT INTO `tblWeekendSignIn` VALUES (1,1,1,1,1,1,1,1),(2,1,1,1,1,1,1,2),(3,0,0,0,0,0,0,3),(5,0,0,0,0,0,0,5),(6,0,0,0,0,0,0,6),(7,0,0,0,0,0,0,7),(11,1,1,0,0,0,0,11),(12,0,0,0,0,0,0,12),(14,0,0,0,0,0,0,14),(17,1,0,0,0,0,0,17),(18,0,0,0,0,0,0,18),(21,1,1,1,0,1,1,21),(23,1,1,1,1,1,1,23),(24,0,0,0,0,0,0,24),(26,0,0,0,0,0,0,26),(27,1,1,1,1,1,1,27),(28,0,0,0,0,0,0,28),(29,1,1,1,1,1,1,29),(31,0,0,0,0,0,0,31),(33,1,1,1,1,1,1,33),(34,0,0,0,0,0,0,34),(37,1,1,1,1,1,1,37),(38,0,0,0,0,0,0,38),(39,1,1,1,1,1,1,39),(40,0,0,0,0,0,0,40),(41,1,1,1,1,1,1,41),(42,0,0,0,0,0,0,42),(45,0,0,0,0,0,0,45),(47,0,0,0,0,0,0,47),(48,0,0,0,0,0,0,48),(49,0,0,0,0,0,0,49),(50,1,1,1,1,1,1,50),(51,0,0,0,0,0,0,51),(54,1,1,1,1,1,1,54),(55,0,0,0,0,0,0,55),(56,0,0,0,0,0,0,56),(57,0,0,0,0,0,0,57),(58,1,1,1,1,1,1,58),(59,0,0,0,0,0,0,59),(60,0,0,0,0,0,0,60),(62,0,0,0,0,0,0,62),(63,0,0,0,0,0,0,63),(65,0,0,0,0,0,0,65),(66,1,1,1,1,1,1,66),(69,1,1,1,1,1,1,69),(70,1,1,1,1,1,1,70),(73,0,0,0,0,0,0,73),(75,0,0,0,0,0,0,75),(80,0,0,0,0,0,0,80),(82,0,0,0,0,0,0,82),(84,0,0,0,0,0,0,84),(90,0,0,0,0,0,0,90),(91,0,0,0,0,0,0,91),(92,0,0,0,0,0,0,92),(94,1,1,1,1,1,1,94),(95,0,0,0,0,0,0,95),(96,0,0,0,0,0,0,96),(97,0,0,0,0,0,0,97),(98,0,0,0,0,0,0,98),(99,1,1,1,0,1,1,99),(100,0,0,0,0,0,0,100),(101,0,0,0,0,0,0,101),(103,0,0,0,0,0,0,103),(104,0,0,0,0,0,0,104),(105,0,0,0,0,0,0,105),(108,0,0,0,0,0,0,108),(109,0,0,0,0,0,0,109),(110,0,0,0,0,0,0,110),(113,0,0,0,0,0,0,113),(114,1,1,1,1,1,1,114),(115,0,0,0,0,0,0,115),(116,0,0,0,0,0,0,116),(121,0,0,0,0,0,0,121),(125,0,0,0,0,0,0,125),(126,0,0,0,0,0,0,126),(130,0,0,0,0,0,0,130),(131,1,1,1,1,1,1,131),(133,0,0,0,0,0,0,133),(134,0,0,0,0,0,0,134),(137,0,0,0,0,0,0,137),(138,0,0,0,0,0,0,138),(139,0,0,0,0,0,0,139),(140,0,0,0,0,0,0,140),(141,1,1,1,1,1,1,141),(142,1,1,1,1,1,1,142),(143,0,0,0,0,0,0,143),(144,0,0,0,0,0,0,144),(145,0,0,0,0,0,0,145),(146,0,0,0,0,0,0,146),(147,0,0,0,0,0,0,147),(148,1,1,1,1,1,1,148),(149,0,0,0,0,0,0,149),(150,0,0,0,0,0,0,150),(151,0,0,0,0,0,0,151),(153,1,1,1,1,1,1,153),(154,0,0,0,0,0,0,154),(155,0,0,0,0,0,0,155),(156,0,0,0,0,0,0,156),(157,0,0,0,0,0,0,157),(158,1,1,1,1,1,1,158),(160,0,0,0,0,0,0,160),(162,1,1,1,1,1,1,162),(163,1,1,1,1,1,1,163),(164,0,0,0,0,0,0,164),(165,0,0,0,0,0,0,165),(166,1,1,0,1,1,1,166),(167,0,0,0,0,0,0,167),(168,0,0,0,0,0,0,168),(169,1,1,1,1,1,1,169),(170,0,0,0,0,0,0,170),(171,0,0,0,0,0,0,171),(172,0,0,0,0,0,0,172),(173,0,0,0,0,0,0,173),(174,0,0,0,0,0,0,174),(175,1,1,1,1,1,1,175),(179,0,0,0,0,0,0,179),(180,0,0,0,0,0,0,180),(181,0,0,0,0,0,0,181),(182,0,0,0,0,0,0,182),(183,0,0,0,0,0,0,183),(184,1,1,0,0,1,1,184),(186,0,0,0,0,0,0,186),(187,0,0,0,0,0,0,187),(188,0,0,0,0,0,0,188),(189,0,0,0,0,0,0,189),(190,0,0,0,0,0,0,190),(191,0,0,0,0,0,0,191),(192,0,0,0,0,0,0,192),(193,0,0,0,0,0,0,193),(194,0,0,0,0,0,0,194),(195,0,0,0,0,0,0,195),(196,0,0,0,0,0,0,196),(197,0,0,0,0,0,0,197),(198,0,0,0,0,0,0,198),(199,0,0,0,0,0,0,199),(200,0,0,0,0,0,0,200),(202,0,0,0,0,0,0,202),(203,0,0,0,0,0,0,203),(204,0,0,0,0,0,0,204),(205,0,0,0,0,0,0,205),(208,0,0,0,0,0,0,208),(209,0,0,0,0,0,0,209),(210,1,1,0,0,0,1,210),(211,1,1,1,1,1,1,211),(212,1,1,1,1,1,1,212),(213,0,0,0,0,0,0,213),(214,1,1,1,1,1,1,214),(215,0,0,0,0,0,0,215),(216,0,0,0,0,0,0,216),(218,0,0,0,0,0,0,218),(220,0,0,0,0,0,0,220),(221,1,1,1,0,1,1,221),(222,0,0,0,0,0,0,222),(223,1,1,1,1,1,1,223),(224,0,0,0,0,0,0,224);
/*!40000 ALTER TABLE `tblWeekendSignIn` ENABLE KEYS */;
UNLOCK TABLES;

--
-- Table structure for table `tblWeeklySignOut`
--

DROP TABLE IF EXISTS `tblWeeklySignOut`;
/*!40101 SET @saved_cs_client     = @@character_set_client */;
/*!40101 SET character_set_client = utf8 */;
CREATE TABLE `tblWeeklySignOut` (
  `wsoID` int(10) unsigned NOT NULL AUTO_INCREMENT,
  `wsoMondayLunch` int(2) unsigned DEFAULT NULL,
  `wsoMondayDinner` int(2) unsigned DEFAULT NULL,
  `wsoTuesdayLunch` int(2) unsigned DEFAULT NULL,
  `wsoTuesdayDinner` int(2) unsigned DEFAULT NULL,
  `wsoWednesdayLunch` int(2) unsigned DEFAULT NULL,
  `wsoWednesdayDinner` int(2) unsigned DEFAULT NULL,
  `wsoThursdayLunch` int(2) unsigned DEFAULT NULL,
  `wsoThursdayDinner` int(2) unsigned DEFAULT NULL,
  `wsoFridayLunch` int(2) unsigned DEFAULT NULL,
  `tblUser_usrID` int(10) unsigned NOT NULL,
  PRIMARY KEY (`wsoID`,`tblUser_usrID`),
  KEY `fk_tblWeeklySignOut_tblUser1_idx` (`tblUser_usrID`),
  CONSTRAINT `fk_tblWeeklySignOut_tblUser1` FOREIGN KEY (`tblUser_usrID`) REFERENCES `tblUser` (`usrID`) ON DELETE CASCADE ON UPDATE NO ACTION
) ENGINE=InnoDB AUTO_INCREMENT=225 DEFAULT CHARSET=latin1;
/*!40101 SET character_set_client = @saved_cs_client */;

--
-- Dumping data for table `tblWeeklySignOut`
--

LOCK TABLES `tblWeeklySignOut` WRITE;
/*!40000 ALTER TABLE `tblWeeklySignOut` DISABLE KEYS */;
INSERT INTO `tblWeeklySignOut` VALUES (1,0,2,0,2,0,2,0,2,0,1),(2,0,2,0,2,0,2,0,2,0,2),(3,2,2,2,2,2,2,0,2,2,3),(5,2,2,2,2,2,2,2,2,2,5),(6,2,2,2,2,2,2,2,2,2,6),(7,2,2,2,2,2,2,2,2,2,7),(11,2,0,2,2,2,2,2,2,2,11),(12,2,2,0,2,2,2,2,2,2,12),(14,2,2,2,2,2,2,2,2,2,14),(17,0,2,0,2,0,2,0,2,0,17),(18,0,0,0,0,0,0,0,0,0,18),(21,0,2,0,0,0,2,0,2,0,21),(23,0,2,2,2,0,2,0,2,2,23),(24,2,2,2,2,2,2,2,2,2,24),(26,0,2,2,2,0,2,2,2,2,26),(27,2,2,2,2,2,2,2,2,2,27),(28,2,2,2,2,2,2,2,2,2,28),(29,2,2,2,2,2,2,2,2,2,29),(31,2,2,2,2,2,2,2,2,2,31),(33,2,2,2,2,2,2,2,2,2,33),(34,2,2,2,2,2,2,2,2,2,34),(37,2,2,2,2,2,2,2,2,2,37),(38,2,2,2,2,2,2,2,2,0,38),(39,2,2,2,2,2,2,2,2,2,39),(40,2,2,2,2,2,2,2,2,2,40),(41,2,2,2,2,2,2,2,2,2,41),(42,2,2,2,2,2,2,2,2,2,42),(45,2,2,2,2,2,2,2,2,2,45),(47,2,2,2,2,2,2,2,2,2,47),(48,0,2,0,2,0,2,0,2,0,48),(49,0,2,0,2,0,2,0,2,0,49),(50,0,2,0,2,0,2,0,2,0,50),(51,2,2,2,2,2,2,2,2,2,51),(54,2,2,2,2,2,2,2,2,2,54),(55,2,2,2,2,2,2,2,0,2,55),(56,2,2,2,2,2,2,2,2,2,56),(57,0,2,0,2,0,2,0,2,2,57),(58,2,2,2,2,2,2,2,2,1,58),(59,2,2,2,2,2,2,2,2,2,59),(60,2,2,2,2,2,2,2,2,2,60),(62,2,2,2,2,2,2,2,2,2,62),(63,0,0,0,0,0,0,0,0,0,63),(65,2,2,2,2,2,2,2,2,2,65),(66,2,2,2,2,2,2,2,2,2,66),(69,2,2,2,2,2,2,2,2,2,69),(70,0,2,0,2,0,0,0,0,0,70),(73,2,2,2,2,2,2,2,2,2,73),(75,2,2,2,2,2,2,2,2,2,75),(80,2,2,2,2,2,2,2,2,2,80),(82,2,2,2,2,2,2,0,0,0,82),(84,2,2,2,2,2,2,2,2,2,84),(90,2,2,2,2,2,2,2,2,2,90),(91,2,2,2,2,2,2,2,2,2,91),(92,2,2,2,2,2,2,2,2,2,92),(94,0,0,2,2,2,2,2,2,0,94),(95,2,2,2,2,2,2,2,2,2,95),(96,2,2,2,2,2,2,0,2,2,96),(97,2,2,2,2,2,2,2,2,2,97),(98,2,2,2,2,2,2,2,2,2,98),(99,2,2,2,2,2,2,0,2,2,99),(100,2,2,2,2,2,2,0,2,2,100),(101,2,2,2,2,2,2,2,2,2,101),(103,2,2,2,2,2,2,2,2,2,103),(104,2,2,2,2,2,2,2,2,2,104),(105,2,2,2,2,2,2,2,2,2,105),(108,2,2,2,2,2,2,2,2,2,108),(109,2,2,2,2,2,2,2,2,2,109),(110,2,2,2,2,2,2,2,2,2,110),(113,2,2,2,2,2,2,2,2,2,113),(114,2,2,2,2,2,2,2,2,2,114),(115,2,2,2,2,2,0,0,0,2,115),(116,2,2,2,2,2,2,2,2,2,116),(121,2,2,2,2,2,2,2,2,2,121),(125,0,2,2,2,2,2,2,2,2,125),(126,2,2,2,2,2,2,2,2,2,126),(130,2,2,2,2,2,2,2,2,2,130),(131,2,2,2,2,2,2,2,2,2,131),(133,2,2,2,2,2,2,2,2,2,133),(134,2,2,2,2,2,2,2,2,2,134),(137,2,2,2,2,2,2,2,2,2,137),(138,2,2,2,2,2,2,2,2,2,138),(139,2,2,2,2,2,2,2,2,2,139),(140,2,2,2,2,2,2,2,2,2,140),(141,2,2,2,2,2,2,2,2,2,141),(142,2,2,2,2,2,2,2,2,2,142),(143,2,2,2,2,2,2,2,2,2,143),(144,2,2,2,2,2,2,2,2,2,144),(145,2,2,2,2,2,2,2,2,2,145),(146,2,2,2,2,2,2,2,2,2,146),(147,2,2,2,2,2,2,2,2,2,147),(148,2,2,2,2,2,2,2,2,2,148),(149,2,2,2,2,2,2,2,2,2,149),(150,2,2,2,2,2,2,2,2,2,150),(151,2,2,2,2,2,2,2,2,2,151),(153,2,2,2,2,2,2,2,2,2,153),(154,2,2,2,2,2,2,2,2,2,154),(155,2,2,2,2,2,2,2,2,2,155),(156,2,2,2,2,2,2,2,2,2,156),(157,2,2,2,2,2,2,2,2,2,157),(158,2,2,2,2,2,2,2,2,2,158),(160,2,2,2,2,2,2,2,2,2,160),(162,2,2,2,2,2,2,2,2,2,162),(163,2,2,2,2,2,2,2,2,2,163),(164,2,2,2,2,2,2,2,2,2,164),(165,2,2,2,2,2,2,2,2,2,165),(166,2,2,2,2,2,2,2,2,2,166),(167,2,2,2,2,2,2,2,2,2,167),(168,0,2,2,2,0,0,2,0,2,168),(169,2,2,2,2,2,2,2,2,2,169),(170,2,2,2,2,2,2,2,2,2,170),(171,2,2,2,2,2,2,2,2,2,171),(172,2,2,2,2,2,2,2,2,2,172),(173,2,2,2,2,2,2,2,2,2,173),(174,2,2,2,2,2,2,2,2,2,174),(175,2,2,2,2,2,2,2,2,2,175),(179,2,2,2,2,2,2,2,2,2,179),(180,2,2,2,2,2,2,2,2,2,180),(181,2,2,2,2,2,2,2,2,2,181),(182,2,2,2,2,2,2,2,2,2,182),(183,2,2,2,2,2,2,2,2,2,183),(184,2,2,2,2,2,2,2,2,2,184),(186,2,2,2,2,2,2,2,2,2,186),(187,2,2,2,2,2,2,2,2,2,187),(188,2,2,2,2,2,2,2,2,2,188),(189,2,2,2,2,2,2,2,2,2,189),(190,2,2,2,2,2,2,2,2,2,190),(191,2,2,2,2,2,2,2,2,2,191),(192,2,2,2,2,2,2,2,2,2,192),(193,2,2,2,2,2,2,2,2,2,193),(194,2,2,2,2,2,2,2,2,2,194),(195,2,2,2,2,2,2,2,2,2,195),(196,2,2,2,2,2,2,2,2,2,196),(197,2,2,2,2,2,2,2,2,2,197),(198,2,2,2,2,2,2,2,2,2,198),(199,2,2,2,2,2,2,2,2,2,199),(200,2,2,2,2,2,2,2,2,2,200),(202,2,2,2,2,2,2,2,2,2,202),(203,2,2,2,2,2,2,2,2,2,203),(204,2,2,2,2,2,2,2,2,2,204),(205,2,2,2,2,2,2,2,2,2,205),(208,2,2,2,2,2,2,2,2,2,208),(209,2,2,2,2,2,2,2,2,2,209),(210,2,2,2,2,0,2,0,2,2,210),(211,2,2,2,2,2,2,2,2,2,211),(212,2,2,2,2,2,2,2,2,2,212),(213,2,2,2,2,2,2,2,2,2,213),(214,2,2,2,2,2,2,2,2,2,214),(215,2,2,2,2,2,2,2,2,2,215),(216,2,2,2,2,2,2,2,2,2,216),(218,2,2,2,2,2,2,2,2,2,218),(220,2,2,2,2,2,2,2,2,2,220),(221,2,2,2,2,2,2,2,2,2,221),(222,2,2,2,2,2,2,2,2,2,222),(223,2,2,2,2,2,2,2,2,2,223),(224,2,2,2,2,2,2,2,2,2,224);
/*!40000 ALTER TABLE `tblWeeklySignOut` ENABLE KEYS */;
UNLOCK TABLES;
/*!40103 SET TIME_ZONE=@OLD_TIME_ZONE */;

/*!40101 SET SQL_MODE=@OLD_SQL_MODE */;
/*!40014 SET FOREIGN_KEY_CHECKS=@OLD_FOREIGN_KEY_CHECKS */;
/*!40014 SET UNIQUE_CHECKS=@OLD_UNIQUE_CHECKS */;
/*!40101 SET CHARACTER_SET_CLIENT=@OLD_CHARACTER_SET_CLIENT */;
/*!40101 SET CHARACTER_SET_RESULTS=@OLD_CHARACTER_SET_RESULTS */;
/*!40101 SET COLLATION_CONNECTION=@OLD_COLLATION_CONNECTION */;
/*!40111 SET SQL_NOTES=@OLD_SQL_NOTES */;

-- Dump completed on 2019-05-01 10:50:50
